kemo_project,138821,124,3775
kemono_anime,20432,63,990
kemono_friends3,46972,13844,3604
kemonofriendsch,9476,742,12075
kemono_butai,8941,39,1295
katorihona_mg,972,53,2120
RYUKNIGHT,38258,2951,29234
kf_remember,2010,0,108
hikaru_tono,14941,138,966
aya_uchida,793517,341,14303
kemono_oekaki,843,1058,605
aibaaiai,203718,407,11296
ozaki_yuka515,124834,270,6264
mikoiwate_351,98674,641,12548
nukosama,30410,5081,8810
kemofure_info,1532,10,2013
honda_mosamosa,49217,1228,24267
irodori7,259598,98,1249
k_moeka_,40588,262,3205
kona_milo,17934,602,19241
fukuhara_ystd,21642,558,19089
rihonyan103,43956,465,9293
yamashita_mami,36306,8091,43780
takuyakusunose,8802,2033,24700
OnoSaki1126,56872,414,8228
masumoto_takuya,3715,718,7373
misae_komori,12916,620,40500
Haruka26s,14471,563,37930
neeeruuu,22723,404,14471
kaor1n_n,39032,265,4360
9918otf22r1,10327,1982,38924
ckik195,19884,301,7273
kemofure_yakata,1512,23,936
ganto_os,26828,498,89777
akariuehara13,11434,349,18686
honami0723,1839,211,6996
wataru_sena,8230,993,21390
Sada481220,1487,413,10426
ko_yuli,11758,257,15587
akonya1019,1284,170,243
sToyboXh,1640,457,16344
doredoreving,108254,81234,8367
tamura_kyoka,11577,0,3926
Yurie_Funato,3536,131,1884
Saeri_Umehara,1852,535,1042
pmino74,517,1005,26340
kolshicako,14976,871,179103
kataribe_pp,1442,544,268961
Idolomorphadent,557,908,147349
kemono_pavilion,61128,0,615
kemo_serif,1360,1368,31126
adatijun,2818,1405,103958
haraitasan,3190,679,146940
nanami_eiko,1589,152,24994
kemonosukiman,1105,1033,1540
shinnosukenuma,924,396,678
kemo_eco_bot,804,789,10248
q9udon,1469,464,17143
queen2yukkie,491,424,187739
kemono_festival,19290,0,226
kemofre_bot,8679,8700,174171
friends_is_dead,2535,30,604
EggLuv07,1957,160,2790
friends_kemo,756,9,17506
spspring1234,1117,134,469
The_Gen_Gen,2857,358,15267
coroha12,16957,379,75506
chunrip08,1005,398,1143
rui_harinezumi,1671,694,3584
i10EXtypeC,854,1218,23019
KemonoFriends3D,308,2,46
eri1717171,1142,276,968
keyakifrends,2681,2473,41124
xsuke1111,1087,1930,55308
RioT_Clover,12017,8411,13018
yagimashiro,3367,81,565
0107Timetravel,618,1198,4208
elfinTsujiMiyuu,1781,232,3108
MinetteKFP,321,747,6828
ayaMiNTgreen,4661,161,2170
takayuki_chiba,1832,1552,21498
mn0914nm,2709,139,5301
with_kambe,281,281,1846
ccll_ok,6138,295,66274
ILoveKaban,859,1291,1230
youkiakira,9338,450,90656
apegorilla,1168,1416,64922
keisukeshami,1472,682,4788
ymir4126,850,894,25484
K_Rico1_1,3145,441,992
ohagidaisuki226,699,105,870
nobutx_0517,12294,1054,80340
mapery0,3350,499,38303
JPparkGuardian,3624,497,18093
kannmadoka,2858,84,430
dosvidanya_v,1247,249,5445
rougetu_wolf,1781,1949,152305
kazuaki518,731,273,1360
y0u0ri_,20114,30,1036
chopotako2,457,69,138
karbankurukou,234,8,10232
KazumasaHayashi,1406,237,847
satopo,641,619,14546
kemonoshokicome,351,432,22498
friendssukiman,316,480,21
yuki_yukki12,2086,384,2412
tigetige_,1086,1180,59034
ADHD_hakase,1563,2461,1325
MsTORIPPY,668,204,3482
Bseibutsu,7212,2351,12063
1ochabatake,2273,2360,129971
DreCas2,650,489,44206
raitokemono,1873,2042,1140
shoot0707,652,379,31186
705shirakami,220,181,1648
rB0pOex5E32d3Lz,427,405,7816
hinata_k0110,480,79,740
zawashu,5175,1642,45921
amatsuuni_staff,1672,29,687
stealth14271843,213,359,12149
balpanther,2003,2263,35977
Aya27songe,744,193,1192
Jackle02,2244,995,24460
kemomimi20,276,710,1520
Gothic_Luck,2546,8,296
Ndkazh,2793,288,16382
pokundesu,1773,2277,37541
KIRIGAYA0716,1895,1733,5982
fl114shinjitsu,2829,332,3649
salt__0526,720,508,2916
Yonpei_TS29_NH,1407,2365,143022
TSUYOSHI_kemono,200,369,9830
Miyata_Iori,1268,1652,125860
OrificeZX,1921,334,11522
boss_kawaii_,780,436,32842
kao_813,655,1395,11423
Yuzuki_Politoed,2181,469,15498
noro_aochi,441,135,3664
OrtonWith,232,2452,2604
deming25,1741,571,369568
UltimaCracker,196,217,3707
FURY_J,1830,1029,1469
yu_an08,591,286,10508
taguchi21st,2588,367,2937
takazawa,1709,512,151915
eenamazu,2078,1038,80769
SSVDitan,1780,2009,274964
MakinaMacula,754,1013,35604
STEALBER,990,978,157590
moon73249,1198,711,58706
kemono_matsuri,11430,1,1798
MM_TOQ7105F,1376,1278,200902
aburaeoyaji,1794,1635,11315
bool_LO,1242,287,53167
ItsukiEi,2128,12,1814
p_tomosuke_q,65,119,20474
akitaka04,1182,1852,16045
4men_soka,1353,1703,171537
GENJIMARUUKO,1282,872,5101
y_voice_labo,131,28,62
hama_du,1309,1270,26856
kisachi_12,3233,102,172
amahobi0,7431,4701,66168
pictoremgiraffa,1319,1210,52424
rokoroku,968,934,45756
hakurou222,1733,1615,104154
FukagawaShota,421,336,182
kyomu_bot,926,1096,41142
scrap_king,1319,1254,26532
okiraku3rd,2401,2264,88836
saijou_k,1149,670,2731
RGM_utasan,866,1548,30681
InabaByakko,682,715,3333
kiofwjjpTyq08Cz,1155,473,2032
yoma2ri_orz_inf,35,24,1100
y_tossi,705,742,27861
macrorhynchos1,88,380,5130
katatumuri,1386,1409,79757
Misokatu1129,1060,925,113139
inukisi222,2006,1707,69251
ghostplant031,1120,1435,66660
cure_sanshirou,1013,1029,60437
KEMO_HURE2_LOVE,171,365,494
ishiat_Kawahara,1423,1797,1070
vp2poseidon,440,786,26246
Tobey_inf,1007,971,214253
umicho,1372,1685,226133
Ayk_Nissy03,413,105,1875
pnpktanuki,861,432,67154
serval37,1297,1076,83147
Culun_1st,2124,2033,198697
toppa_0911,606,999,94317
Gclefantasia,909,762,228
hiro0251107,1024,670,109536
gaketsu_gk2,1178,237,229277
iikomiko,1462,1700,49886
kanon_carnot,578,2084,46232
popoket,1206,1333,19033
irony_art,1124,891,42748
kakedashiudon,881,805,151298
yt_lvlv,1357,219,4050
floatHawk,705,461,8007
chome_chome0511,461,419,18524
Fuj_lei_Tubak,799,1920,27628
cawaiihs,1685,1588,15686
TTR_OTI,1860,368,1249
kamemaru91,1996,1603,19755
sissyo40,1207,1554,55090
Agt_Unno,1074,688,36783
siokara_Zenebas,1549,853,48145
top_wrxsti,562,1001,170776
waseda_kemono,4256,4870,5622
jaisato2,1713,904,22706
daizou_GAIA,1463,436,10244
tekkori_age,1112,921,34409
vivi_caribou,760,1869,71791
Kemono_no_mu_ru,2000,1721,3481
coco_magnolia,323,1908,54731
medakaryu,1449,917,8953
akpjojoemon,699,631,54571
Gundera_is_dead,908,868,197440
19331945,1590,1831,1075
keihuzimiya,1202,1363,54489
Buena_Donki,1103,300,16848
_yukichacha_,1317,1677,279
maho_0519_nakao,104,61,313
kuro_nekosama,1079,1404,169610
2499796010nick,964,536,935
masa_s13,976,2119,60026
akazaakaza,1132,561,1016
seek_ins,1025,354,2625
genjima56,617,1966,277857
wbx1234,2500,121,10
kakisut,502,1080,33862
SES_ArraySan,1107,1018,4535
sakaba_no_judge,928,1381,259341
The_Gyudon_of_S,648,617,5115
yosRRX,193529,147,36513
MCgunngu,6061,1465,96979
Ransu_33,11290,263,4558
hazuki_nonaka,968,220,1601
Belgium_DF_4,2947,1444,85094
wt_lovegean,2359,405,10165
SnapRink7,1376,1063,137130
kemomoz,3587,458,5720
evXSPR0wouIwIyF,1637,205,1161
_C_peace,1209,672,228725
vita_minmi,3589,71,901
tatu_nw,1867,201,4981
nekogatadog,850,349,3831
k417953,359,1373,17910
hanyusaku,1381,1348,65385
ShizuneYuki,862,681,96785
Suzaku_Coat3594,821,1498,31240
shinomiyaataru,856,643,30545
not_beaver,1109,1005,1788
japaricafe_hara,5901,67,537
riputon3,3172,487,114688
taka13571224,1452,1084,20210
KoShiki_036,837,1248,22612
kemoapri_godosi,90,84,131
Grizzly_AF24,1404,1661,62817
Gyosei_INM_1919,862,1223,395
haertsisnoob,763,496,43105
Sawa_dpbq,246,0,92742
KemonoMuseum,740,766,58056
yaoyorozuanime,4346,8,175
kemo_app_PR,447,1,1
furensukemono,135,271,462
tokipakafire,1498,3,210
kawakami_rio,2159,91,5827
meya768macr2co3,931,917,3197
kemonofriends9,481,616,2364
kemo_kansai,467,43,774
kemofremato,822,0,2730
cafe__osaka,3098,0,89
love_yuzuri,313,1713,23070
kemofure_com,283,160,3229
bot70174467,351,438,3399
merotina,206,46,406
uri_kemo,243,261,588
D9gSlOegFb1m6Ao,355,725,91
laws_friends,192,531,1704
kemono_ta10,259,1130,15
asamusuko,4365,540,12779
SaveJapariPark,1250,5,162
jirihin,1000,1180,54
KemofureKouryak,87,352,94
CaliCeri,1031,903,72885
kamigata_neguse,1119,1081,30385
VTEC72918443,134,0,3540
tamiyo1824,605,529,11000
tibikoro122256,2862,0,51904
clionmarket,100,22,436
nico_love_fam_,151,197,538
UT_kemofure,95,233,198
kemonofriends_7,146,163,15
kaki_festa,1485,443,46
mimige_2,503,546,1278
Hansu20Tetsuota,111,124,1217
kwhr_tmhr,104,126,27772
airkemofrie_bot,104,5,125
Tennis1020,76,0,14578
kemono_lines,92,15,42864
kemofure_gameo,101,76,235
nyancoroooo,28,61,64
kemofre_travel,89,28,97
kyon_lovelive,180,0,189
kemoFpic,157,207,2603
Diggy_kemono,0,0,0
info_Tanoshii,63,65,87
kemonofriends62,4,4,1423
legefriends2525,10,38,96
sattin0612,36,57,22
TT67398954,8,20,0
miki43269,99,121,641
VTEC29,2070,2892,13717
qq1PHqpJPXzqyzi,4,9,2
pw91K9qgjvnAanS,25,105,100
sho_chan1013,26,61,218
touhou_gensou3,27,28,1180
fuckinTakeshi,5,43,17
kemo_chat,22,32,23
kemonofurenzu_,0,5,5
itotomo1104,1,1,69
chamo2x,2,24,10
tsukemono_bot,78,80,2763
onaho_friends,0,2,1
SyankaraZ3,799,2537,72085
Black_FoodChain,9,9,1315
miyuuun65,28,34,417
kemofre_araisan,0,1,1
kemonovel_bot,2,0,103
kemohurekouryak,12,0,2838
KMFsanntora,5,22,12
kemofriend_com,10,2,33
nimame111111,0,6,4
kemono_kaeru,8,40,1864
kemofe_taanosii,31,15,14
smcc_kemono,41,1,5
kemofurekousatu,7,9,3
kemonofriendss,7,14,0
friends_8931,2,8,150
KmF_en_ja,5,6,4277
kemohure3590,0,2,0
O9G94kPTDjarQ7k,16,16,3850
k9hUau1os3dt2oS,1,0,2
tomodachinohu,7,57,12
gluznt,1,4,4
ca_every_bot,0,0,0
ladystaris,1,0,2
Me1BzGjCNFDQXXi,24,41,413
hoshi_pino,22,25,1207
tukinikumo,2104,2549,5035
bAORRBy2HUaWmM9,2,36,0
otokono_yuujou,20,23,1464
kaban0410,1,5,21
StQoAcjeurmZbfB,4,5,0
Q6PtL5vebisfhGW,73,76,57
M_kemonoFRIENDS,6,1,1
kemo_kabe,3,3,1
tetto00771414,3,34,63
Kemofulenokai,6,3,26
iTIK7U1p7KB5hR8,2,11,4
therapy_lover,0,0,6
KONGYOKIMIGAYO,30,28,3
pd08m,0,4,0
SLGGs9tV15HPhgM,12,2,11
arikitari1963,3,0,29
123NemuiYO321,11,12,5
rGvcNPESSjMygbp,0,0,2
kemofure_bbsneo,61,0,62
anitokunews_,0,0,0
kabannbot,4,0,4
kemono_cafe,0,0,0
yuki41133322,0,7,1
Endogeny0326,0,1,3
kemo_meigen_bot,2,2,535
kemonofurenzoo,55,147,306
9PLkspVnjPnzg57,5,34,15
superbayashi,2,2,119
eBdAlBkU3YURNVv,7,52,6
kemonofurenzu01,48,228,62
takeru070707,5,10,8
HAMUHAMUtime,3,5,7
KemonoFrendsSF,5,36,6
maykemonof,29,0,23
yasi_second_2,0,15,0
momoka_furenzu,29,103,185
purplerain_vice,1,8,81
friendsgensaku,7,104,8
kemonofriendv,1,26,1
human_babyhuman,6,29,3
sugo________i,9,12,31
kemofrie_app,11,40,138
4432_6818_8565,0,6,1
kemonofriendsp1,52,19,7350
CLrFdQ14qnorpFu,0,8,8
I82POuEimbWX23W,17,14,135
Japa_repark,5,1,4408
maikura201,1,3,1
neetislove210,11,341,42
G8sdnUSFtKLhWOr,5,15,5
harukazu_TRPG,4,5,304
ZbzmlPwNtpptmpX,2,21,256
kumagarden616,26,0,91
KemofureMonitor,59,0,487
1xruGfmcdChEQKx,1,7,8
Soraquerion,41,129,3732
GemoGemofriends,23,120,37
KmDsJRGokJfuliA,0,0,2
whiteshark_1867,9,4,9
8u7554_efsfdf,2,30,0
usodesu_gomen,5,0,0
JW4qH4T5mbtpdjN,22,19,88
kfre_kfre_bt,31,209,1603
sunomonon,7,10,238
takkuncharabot,9,9,3076
kemono700,7,7,11
w6SL0j80hvATmoB,7,46,11
kemofuredaisuk1,0,28,40
c7mY3XubkWGPv66,0,1,0
nCONlt5D1yXCFx4,0,0,0
kemohurehensyuu,51,92,301
QgVdshXyp636u07,2,2,0
U_pipitor,10,0,520
tesu112,3,2,3
bot78288366,34,28,36
kemofrechb,343,22,54
u3gu5d5alWP9I6n,18,45,26
1HMuc3PM7NFHK5f,98,3,22286
rusi___rusifa,2,2,45
hijnkjknihu,25,44,188
oSUcgX6d2PNnKbL,0,0,1
kemono11451,3,93,0
WB5lzAi22bkysQS,0,3,4
KemoFure_GBF,4,3,4
cfLmHKPIog9283T,1,8,69
R78376373,7,0,2
orehayare,47,55,8889
kemono_7,2,5,15
knr8Fem5LIQg4sc,31,62,2
YsL7VgyEIXdZv2f,0,14,10
Bot03252314,0,0,15
zKKPvH73KEd0kxx,1218,4163,356
kemono3bible,48,115,256
bot43976289,3,4,16
kotorifriends,0,0,0
kemo_anime,0,3,0
kemo_pegina,0,0,0
7eljdU908QwK9Qy,0,30,3
1Q06R9JIf2v4ldT,0,0,0
yek85k2a3Qp7zoe,0,0,0
Kemofure_Fan_32,2,9,5
urgcvde,0,0,4
KTN_wrestling00,585,798,134
kmonohazard,40,96,35
kemofure_kiwa,0,0,2
resist_illegal,0,0,0
kemonohurenz,1,1,1
Kemono_project,0,0,0
KemoF108186INFO,0,0,0
trUPvQSKTws6515,0,0,0
hPq9r3GTZT4fyVh,0,0,0
314Littlelily,1,0,0
v0977082000,1,16,9
kISJdDda6kScUjT,3,5,20
NDsytGAtddXgZZX,0,0,0
LjrJnI1XAQLn87y,0,0,0
UC7kLZFAW02cJXQ,1,100,0
JiAN82Wi0xiQEco,0,0,1
6kIuxjRl6J3RNks,0,2,1
rcdGVNHbZRQsxx5,1,23,1
PfJrQUO1KZKeh73,0,8,2
RT26102811,0,21,9
next2451,0,1,6
dsDhokatFDfpQQR,0,0,9
