RYUKNIGHT,38259,2951,29236
kemono_friends3,46997,13843,3604
s_u_music,1583,616,10099
kona_milo,17942,602,19242
haranatsuko,13679,491,19909
masayasuf,34948,1231,33799
EBATO_DQT,5535,243,4054
ko_yuli,11758,257,15587
michuell_bunny,12348,203,5677
andyll25252,6514,294,11499
matsuri774,1043,1167,102013
MACnoDiary,363,208,26619
Daisuke_P,1864,619,52497
KIRIGAYA0716,1895,1733,5982
rougetu_wolf,1781,1949,152325
TonanLeopard,2956,996,13946
Halalaika,2888,2206,18307
ShizuneYuki,862,681,96832
dizsonyasuna,4572,284,18432
pontazth3291,3585,1682,7220
M_A_F_,1600,706,129989
BEMANI_FRIENDS,532,864,14269
12v3rmx,865,922,178928
inada_roku,1395,417,3017
HirozuaKKUD,1078,1087,7618
masayosiq,726,706,84626
tatu_nw,1868,201,4981
pictoremgiraffa,1319,1210,52447
coroha12,16955,379,75506
Fukaeri_Comp,1163,986,1359
hanada_03,1963,628,46277
GENJIMARUUKO,1282,872,5100
Nazu2113112,506,645,5449
canari_1111,1440,323,6877
burnrice8,17539,84,4649
IF_Akine,12570,1257,90811
hasegawa_rimo,2004,51,483
Takase_Aiko,738,177,1050
miki_maruyama,1896,1106,6640
DreCas2,650,489,44215
MCgunngu,6062,1465,97014
pmino74,517,1005,26340
keike,1030,531,20942
undermoha,296,333,6164
Rabirei001,440,679,8470
ecl_427,158,344,24737
CarasOhmi,1528,982,49135
dotno_hamutarou,2843,1093,98403
raye_mura,4283,299,35244
utssuricatta,264,225,2162
kmtaaa0117,33179,182,22199
kura_p,2301,1227,57281
kouson_Q,9743,382,27099
OrizeySakura,5486,588,10650
Jackle02,2245,995,24461
pasta_12,1246,458,52076
isalin_,440,1187,16102
Kyocmp1,2359,725,46314
manjyu,1027,1399,136664
Iris_kur_o,3327,2359,91821
Yanagi_Engineer,464,254,9634
oak_friends,375,456,3093
Luichan_kemoRe,314,356,7799
super_PCSK,3725,962,53083
kou_hiyoyo,5430,1061,74919
shimitaka4343,8171,7604,12718
063Kenta,399,514,4739
Nell_0830,2110,68,3497
tenzi9,3281,907,50973
MTT_B727_AE86,267,125,8537
phoenix_ch027,241,289,9598
raimugi_f,1942,1791,174207
konosakiikinok,213,224,5546
PPP_Plunderer,264,309,1109
shin01571,4265,949,139498
Dacky_modeler,896,1750,70444
Yonpei_TS29_NH,1408,2365,143026
shirohine,1475,120,24220
korohack56,2501,2467,184427
tsubakirico,2525,210,37760
absol0359,1580,1563,318750
TAKA04205,156,220,8188
emin_yp,286,306,2345
okojo_ojoko,3243,90,174
TakaIllu,1101,1083,161315
13kaori13,912,1591,230034
zengensan,6212,377,12926
akuma_0728,2252,566,2102
yayoi1125maiko,1129,256,84217
tsumodora_0,215,230,7127
StudioS_ShiN,2809,289,13598
takamorinawoki,1002,1293,307082
sumi_cm,432,202,9040
miremoco000,2273,2235,14047
mouti0903,334,726,352
stamcd,376,286,36979
litegolyat,1865,637,16513
MM_TOQ7105F,1377,1278,200903
Bocchi_friend,2441,651,67301
sengokuA1,877,788,52702
wonatsun,2671,280,16848
yuki_gitune_,1079,1301,50711
himatan_friends,1608,952,190185
kouycd,443,908,82956
TTNB_MTL,643,1609,130928
halo_kabe,1421,1183,101642
dokuro_markgraf,883,744,24060
nekomata140925,930,853,77535
_mio__mio_,235,245,4993
FANDORY_1923,1424,1144,145281
kemofure_oneM,179,2,390
bool_LO,1242,287,53189
bsnkuhi,1290,887,138040
sakaba_no_judge,929,1381,259360
CaenMkXIV,933,673,179116
snt_dy,734,183,14449
Living_no_kenja,1523,1909,93416
araisann_nanoda,163,230,41
maxicurry,1149,1533,145603
revaia_kun,1493,825,52527
Good_Chara,1443,2350,113506
satosato_jp2000,1135,2467,15325
solino0821,967,1189,58829
lagisapoey,1276,622,41296
kiofwjjpTyq08Cz,1155,473,2032
techpon,482,469,41648
dora0903,487,207,25805
ha_ha_ha_a__u,217,492,654
nezumiisya,1027,782,20380
kelun_RF,1148,1557,62891
Ri_fi_meet,1473,738,86670
tanikoh317,1418,742,82892
gejiko,742,915,26039
shinomiyaataru,856,643,30544
ms_ttt_la,428,531,17440
uroco2000,1428,1633,104340
Nutty_710,858,501,33825
atan0w0,963,556,27627
Shinkaisoku_JP,2565,556,44529
mowiCos,1199,354,17703
dont_thinking,680,509,43441
bitterchoco3739,1416,2002,133004
akibun,1082,1149,6075
nagmom,2716,274,26028
onagituyosi,675,505,38405
lucy_kosupure,1420,1824,56629
speinjin,1576,1841,80891
ganba_maru,69,223,1264
hiro0251107,1024,670,109547
nike_splatoon,1021,419,27416
Nanaminyan77,859,1195,7011
ookami_depth,1542,1296,109777
seira_ton,1506,1901,123143
sekijun_3251008,1449,1360,70448
monmon_erenal,68,133,8213
triona_klee,782,775,21271
ama_niyu,394,350,61066
azarashi_maki,1243,2050,6912
yoshimiyoshino,940,477,8245
kitakitune9420,194,425,75
pinkiesjtk,538,541,157873
mimyquality,1109,2087,136569
L_KemonoFriends,118,8,1142
ALD4801,1031,1642,6276
Kohakumochi,1086,1812,116453
nizakana47,1163,1409,15659
_RetaRui_,1804,1573,38024
8k_clay,654,468,6009
pockro492,1341,1235,47089
hetalove0305,1852,2087,29367
asaba_hetare,489,587,8646
katuokunmk3,171,398,1538
Kaluvi_Ame,1557,1821,199104
Mtpathouli,67,204,10446
pottsness,3607,96,289
zisakusien,810,776,63050
abatiko0219,1368,353,13908
killerpurin,744,1673,61824
dvddcd,1288,305,14046
go_origami,7070,5944,43800
wagomu52,1212,581,2554
sel_495,259,265,40100
funami1206,1773,1458,11744
negozare,503,432,411493
sosnono,577,214,52304
orzorz2,1398,1279,26198
ithigeki86,940,1274,18922
odendanesensei,1440,1477,147677
abysstornado,1696,1950,47974
abyi0820,1024,1039,2738
tomitakeP,812,1077,66144
odds0310,849,689,57855
Arkady_Exp3,881,1661,108367
taruto_pony,232,696,6230
key_kazasuki,902,1674,34870
namenekoron,7277,5149,76442
rinryuu_koumei,1021,917,12815
alice_ohno,1134,943,68043
shimakashu,1070,1242,3663
not_beaver,1109,1005,1789
Rexeig,877,416,5545
AYU_ver2,110,102,2736
nugeco2220,1392,234,7048
super_uta,1077,1940,3564
rokeiko,1040,1465,50597
1119Ef65,1508,2061,55929
hb_newsunrise,1241,635,99511
KoShiki_036,837,1248,22609
akari3310,745,722,52637
tajilue_f01b,1213,1472,244411
FriendsofPaTiAl,132,5,167
KikenchitaiN,1190,1915,37593
SASIAI_0807,1528,1423,9636
swordon0X,821,786,26218
motocompoooo,1668,131,5783
karamiso__UJ,597,212,45585
kemoshumai,144,313,1499
H3SI_hobby,161,339,1154
mimizuku0204,1224,529,50436
rakiyuri2000,1494,1064,152513
tosi2355,437,710,27924
kaoru_Tsuruma,598,703,7926
sa4549,865,1068,12819
Grizzly_AF24,1405,1661,62823
cos252521,1883,242,11281
uminosachi_,510,78,7239
matubokk12,1207,959,42512
minamiotari,918,888,93274
tigerhibiki,1210,1196,142771
Joey_Takeda,115,122,84
zhituji_RAM,1409,2342,44554
daitaohiwa,639,749,25562
hello_bruin,525,599,127670
TELLZETA,1731,232,8670
N71mani,736,625,90749
cocohasi,1477,696,14159
AyatakaCheese,1560,1848,12896
nemunemuairi,1518,1609,1657
kffbot,68,69,1551
DrSAKIfriends,119,218,104
sironeko_desu,79,73,1530
syosetsusagyou,106,330,7759
apple12th,5428,740,48688
asamusuko,4365,540,12779
kaj_karappa,2283,1004,127509
kodamark,813,1117,13049
crusaderkun,3773,1337,152984
warawaranka,2607,688,28525
doyasa1629,2960,1047,18226
taka_rider13,504,72,28597
Major_Milk,1660,490,16408
Gabbykig,1947,785,20879
kemono_matsuri,11428,1,1798
hiro_maji,983,869,11362
daring_moon333,430,638,108955
fukushinichirou,119,143,3538
acpc_AK,660,122,9209
Spiritsnare,1292,1000,150419
kemonozukan,1118,0,31629
Ryahudo11,963,1046,91
kemohure_antena,1143,1309,11757
suisuimasochist,545,1027,26480
juto_kemofure,585,591,1833
kemokemokouho,318,113,99
Bread3_14,713,815,2700
MXlmYEnrExiud11,245,1626,187
gochi_kemo,358,554,328
Tokiwa_online,1607,169,236
kemogazo_bot,189,121,196
takuma_dd,849,1763,47280
anikisha2013,541,2017,9521
magunebu221,92,227,11489
ussp6,94,107,7700
R__256,356,0,1069
ogasawara_bd,284,363,647
kyhaaa159,587,208,51313
otomo_kemofre,182,1260,2075
tak_sa10,312,261,3589
LOVE_LOVE_PPP_,136,133,674
fesenyo1151,76,71,633
child_kmfr,2,39,95
yatechan,165,175,960
nNwv3xba4JFHg85,162,351,796
uniniuniunini,117,106,1076
NHx2lGlvwJgMRxi,207,1060,158
9fmf5pWbcpkSrj7,18,29,48
eine_Katze_KF,66,673,290
gF96iPtfOQV5DvG,116,211,2
takumineko1470,92,205,3449
Lucifer_MHXX,94,0,795
techdaon63,75,27,5
orff45,27,64,1453
Code317_mmd,630,197,9981
ServalCat1000,64,94,1911
92mTyEPiPqBIZLr,1,23,8
ookami0756,3,9,5
kemofr2842,24,22,5
Queenedf,0,0,1
kemofrminmi__,0,0,0
Upstair94821132,3,6,10
aldebaran012,41,732,5235
kffangame,62,43,120
z5IhMoTdEqL6FlA,16,23,12
next06100,1,1,1
kemofurelovekun,1,30,6
QqwfiSjyXZXi9Au,3,89,11
araisancute,5,21,0
Ma8RPQKjKDAUs8s,0,1,7
yHTHsZYvsLSDTY4,0,3,7
azI0QZnEUuvzDqf,18,27,147
BUMPOFFrend,13,75,36
iloveppp19,1,20,2
MGufSKtI4uazELP,0,0,0
kaban__kemofure,43,108,84
v6lh_w,1,32,31
koshian15,7,6,5553
baikawa6_favo,34,2,2671
likaon0023,21,20,40
O6sD335AbwFwkKn,6,1,4
nagashi_soba,12,97,468
puripuri_2002,65,111,29
RYUGA19485963,6,20,74
kemohurekouryak,12,0,2838
G3TxpuiO4tEbX3w,0,9,2
moka75824271,27,100,179
LHt6lUiUM9L5HnA,19,66,3
k0oBVfJAjNkdV4A,1,1,0
Wo3beczw4vfP0Vx,0,19,1
ayucazuma_kemo,6,8,23
CrqnVerry_,19,22,23
kemononobaxtuha,0,3,16
kesera2_saval,1,43,39
kuroneko_252525,10,56,5
a_hayate11,0,0,1
doragon27071102,71,226,132
kiyokun0_727,26,44,129
Raimu640013,4,9,1
pk0J8gKJIAOPvsg,0,10,55
dKbNesrg6W1NaPN,5,24,44
hoikusho5,3,11,1
O87Bx,62,156,3217
Itsuki_RSMN,69,86,70
kemofure2fuck,33,31,713
OldFashion_OF,0,1,20
kemofure1kuzi,26,30,33
alkahest314159,29,118,27
friends__1213,0,40,0
barusamikomix,39,109,22
kemono_daisuki,2,5,2
bot43480119,5,8,1
paseri121,1,7,0
kemo_desktop,18,18,2
hinaararekonpe,1,46,0
KemonoFriends60,2,0,0
kemono_info,27,13,458
hWKLBaGFG7qhQYt,2,17,8
GSd3Oq6RriJBbqh,702,2738,76
zatsu0906,77,34,162
FkYe8rYPl38tbn3,10,9,5
haruharu3316,28,48,16
hirano2002_0523,32,54,129
bVxVTBCOk6AcQRE,25,147,209
sasori_kemohure,1,5,6
uqr1zrMKUMxcGpC,7,17,22
Kemonomichi4,2,4,4
yabby312749841,0,7,0
SaltandSalmon,2,111,0
gocchan_kemohur,14,45,29
yuniyunich,2244,3379,31076
PQA445,4,5,31
Kskhrd6,21,142,55
kemofure_wiki,36,0,14
kemohure_white,1,6,2
NEKORUGA,68,581,7077
TBwccdIV8wJbXdR,14,43,211
Otya_Brown,52,7,8604
Silverfox_love,1,4,1
OLgm88MjCrjrqTQ,4,7,1
takotoco,50,196,600
kemonofriendson,7,13,41
kemofremin,0,3,100
TV19131032,32,67,190
HARU35205313,20,87,0
kemonotall_club,43,54,89
KanahebiSabu,1,7,47
83Zu7vbFqK8B2kD,12,14,9
yaju_shisubeshi,38,19,958
eronove,2266,4995,236
hhvvxdyfdw,46,69,446
kemopolice,0,0,19
yokijoho,1995,2836,3232
DUDME678,0,0,8
kemono_bot__,30,16,6
friendsXYZ64,21,123,173
9bb8wUh4Z6U7TQE,33,46,22
yuudati0229,14,89,43
shoot_kemo,41,40,414
FVHdHnORTsA8NA1,0,0,9
bIfiutLjWPoGBQG,0,0,9
Oe30WxBbf7vos9d,8,36,29
minmi2842,12,8,1
MnyUE4Cb61Z53oi,0,0,0
kemonosaiseibot,20,95,563
GT80926479,50,324,5168
friends_police5,6,4,64
JAPARI_central,1,0,0
mgitixya,0,20,8
TKiwSzL0jgJQmUU,31,54,635
k_k_n_o_n,47,186,281
mokuo_kemo,0,0,0
R_kemohure,2217,2830,1378
333hebinirami,0,20,0
893dieout,20,68,6
appmedia_kemo,20,0,11
kodokunosigoto,7,1,35
ZICikQfae9AHq3r,0,0,3
Godknows804,29,99,1813
9Hk5uAGlCA7HJpw,15,23,126
fsS0WjzsBY3WiM5,0,0,0
mikashikemohure,0,6,3
saitamadai01,0,9,20
Bhm_ws_kf,12,2,54
9ULOHHwFarqgTAU,33,4,314
Y3Dsy5x1cwWVyys,42,42,5
trgr6606,53,11,41
Vj6CXb06X9XNHRv,12,7,5
Kemo_All_1draw,2,1,119
iHDfQW9zAhAioHG,2,6,1
tokiwa_mk2,1,49,1
MIA_drawing,224,96,3722
_luanmou_,5,76,344
HX_03242002,19,127,3
viTUV6RxnAoSiZW,4,9,4
VzAw32,3,4,3
mugi_kmfr,1,0,7
kotkotg1,7,71,2099
kfplove1919,2,15,2
carl_nekohure,0,1,0
HOWpQ7F9U8PdapR,5,25,49
Like_C6H4Cl2_2,68,282,98
myirihistory,39,75,102
karakal_RT,19,16,184
YEv1p34ZMWSK43T,5,6,4
koyuki127,24,74,134
CTh8DcFu0HsVIG5,0,4,1
Fb0PEp1LXiq5Mvt,49,90,391
8UaQablVZ5kIaYq,1,28,0
fbvnkVTzcaudM1S,2,5,0
turino12turi,63,245,2347
uHZ7VnVvcd79IWb,0,2,3
obJWC5I8Swnxmnz,7,79,3
ShuNsKF,13,9,60
SouGen_Root,3,5,1
VM4e0oaNvJqoQ9n,6,6,141
uLv5GLdaGInnzMH,12,0,46
weiku_kemono,55,100,2565
2DJUR4iVws2iSen,6,50,17
toya_fang,24,76,84
a_y_qq,0,0,0
TWeFs29lllr8sAf,0,0,0
kemofurejyoho,3,19,20
taimai15813,3,20,129
Base_C6H4Cl2,9,48,1
app06537793,0,3,0
Ar_ur_u,45,29,129
Hibiki_Hibiki74,1,1,2
Kemono_yasuka,25,70,328
YT_Kami_AIM,27,21,6
kemonoserval__,5,5,13
S45222809,2,5,1
lkSMDnmpGKgiOdn,12,55,136
Y9atzhDgwCuWqiG,15,45,32
imorimorin,11,11,101
2pOpLcoVxR76n6l,4,109,68
driftwoodabc,43,200,123
VdrQyTbzGObm4lr,2,1,2
SKT01718685,0,1,0
rGgwX8XlLZbrpVo,0,0,0
tukaisutesiyou,0,0,19
iwo4pvF6DgvGDbd,0,0,1
noel222212,0,1,5
FnjwtKPSVNjDntC,1,0,7
takeshi54399119,0,0,0
GaCuiByVnAZkxDq,0,0,24
shigeru20170930,2,3,27
1Avczu1I8wNglXD,0,0,13
mXy6qv1Kt6OWukz,0,0,19
kemohurezuki,30,47,12
5CqeEsKSFvmLrS5,4,2,0
CbDaVhxYFIlGJ0l,0,0,0
I_Hate_Tatsuki,6,3,61
Araisan007,0,1,1
VnfwguG,0,0,30
hurin_friends,3,9,2
zUDjkbBB7491Vbt,2,44,2
UWxHKVCbFseWYZf,0,0,0
vcbW3AoG5sT6X7F,0,0,0
usXgamqvFdb0GSh,0,1,0
s5tSvhy8Z2nGc00,1,1,0
U35FSjgp3iqKUvs,0,23,0
6GqdLgXIYuq2nOT,0,0,0
diapolique,2,12,62
kemosenyou,2,12,2
5jGE7UeQfZFVCdI,1,80,0
komofurejoho,0,13,5
T2CUUExHZTobGk6,2,1,6
maryu_kemofre,2,32,14
vxp2yhOgffArHrK,6,0,8167
YT89150489,0,1,0
kemokyo,0,18,1
CiybxbEO6ctz5zb,0,0,0
touhunikoniko,724,2438,13901
SaltAnime,29,72,157
nXolYTch4Z8teTa,6,13,26
gig_gig__,30,205,571
kemofure00,3,649,3057
iroenpitu_sanfr,1,61,160
KvoIr,0,186,566
tenrou222,9,2,99
udon_minmi057,14,23,150
nyan140410,20,54,0
Kapiten70,1230,656,18867
unpokoapiiiazls,3,30,6
aekhse,2,6,22
